County_Name,County_Fips,Mobility_Percent
Norton ,20137,91%
Kenedy ,48261,89%
Williamsburg ,45089,89%
Fredericksburg ,51630,86%
Galax ,51640,86%
Storey ,32029,86%
Lexington ,45063,86%
Winchester ,51840,85%
Loving ,48301,85%
Bristol ,25005,84%
Emporia ,51595,84%
Martinsville ,51690,84%
Colonial Heights ,51570,84%
Guadalupe ,35019,84%
Banks ,13011,83%
Greensville ,51081,83%
Quitman ,13239,83%
Oldham ,21185,82%
Lowndes ,1085,82%
DeKalb ,1049,82%
Sherman ,20181,82%
Stanley ,46117,81%
Coosa ,1037,81%
Sussex ,10005,81%
Montgomery ,1101,81%
Dooly ,13093,80%
Dallam ,48111,80%
Martin ,12085,80%
Salem ,34033,80%
Charlottesville ,51540,80%
Armstrong ,42005,80%
Lyon ,19119,80%
Buffalo ,31019,80%
McMullen ,48311,80%
Bland ,51021,79%
Issaquena ,28055,79%
Harrisonburg ,51660,79%
McClain ,40087,79%
Livingston ,17105,79%
Peach ,13225,79%
Chase ,20017,79%
Charles City ,51036,79%
Culberson ,48109,79%
Calhoun ,1015,79%
Waller ,48473,79%
Jackson ,1071,79%
Deuel ,31049,79%
Stanton ,20187,79%
Greene ,1063,79%
Falls Church ,51610,78%
Petersburg ,51730,78%
Hartley ,48205,78%
Butts ,13035,78%
Fulton ,5049,78%
Moore ,37125,78%
Borden ,48033,78%
Warren ,13301,78%
Ralls ,29173,78%
Waynesboro ,51820,78%
Love ,40085,78%
Radford ,51750,78%
Andrew ,29003,78%
Glasscock ,48173,78%
Nevada ,5099,78%
New Madrid ,29143,78%
St. Helena ,22091,78%
Twiggs ,13289,78%
Macon ,1087,78%
Wibaux ,30109,77%
Sterling ,48431,77%
West Baton Rouge ,22121,77%
Manassas ,51683,77%
Hopewell ,51670,77%
Archer ,48009,77%
Staunton ,51790,77%
Doniphan ,20043,77%
Webster ,13307,77%
Talbot ,13263,77%
Dawson ,13085,77%
Wheeler ,13309,77%
Miller ,5091,77%
Clear Creek ,8019,77%
Echols ,13101,77%
Polk ,5113,77%
Hamilton ,12047,77%
Loup ,31115,77%
Covington ,1039,77%
Clinton ,17027,77%
King and Queen ,51097,77%
Miller ,5091,77%
Franklin ,1059,77%
Buena Vista ,19021,77%
Sherman ,20181,77%
Fremont ,8043,76%
Turner ,13287,76%
Pike ,1109,76%
Gallatin ,17059,76%
Taliaferro ,13265,76%
Lyman ,46085,76%
Cleburne ,1029,76%
Eureka ,32011,76%
Worth ,13321,76%
Treasure ,30103,76%
Dakota ,27037,76%
Wabaunsee ,20197,76%
Chambers ,1017,76%
Carroll ,5015,76%
Madison ,1089,76%
Manassas Park ,51685,76%
Hancock ,13141,76%
Jones ,13169,76%
Russell ,1113,76%
Chattahoochee ,13053,76%
Montour ,42093,76%
Hidalgo ,35023,76%
Rockbridge ,51163,76%
Wilkin ,27167,76%
Baker ,12003,76%
Newton ,5101,76%
Logan ,5083,76%
Union ,5139,76%
Cotton ,40033,75%
Goochland ,51075,75%
Trimble ,21223,75%
Grainger ,47057,75%
Atkinson ,13003,75%
King ,48269,75%
Jasper ,13159,75%
Lamar ,1075,75%
Conecuh ,1035,75%
Benton ,5007,75%
Crawford ,5033,75%
Clarke ,1025,75%
Haralson ,13143,75%
Henry ,1067,75%
Union ,5139,75%
Madison ,1089,75%
Meigs ,39105,75%
Aurora ,46003,75%
Perry ,1105,75%
Clay ,1027,75%
Carson ,48065,75%
Camden ,13039,75%
Terrell ,13273,75%
Refugio ,48391,75%
Calhoun ,1015,75%
Irwin ,13155,75%
Esmeralda ,32009,75%
Schuyler ,17169,75%
Lincoln ,5079,75%
Jerome ,16053,75%
Callahan ,48059,75%
Trousdale ,47169,75%
Stewart ,13259,75%
Lee ,1081,75%
Northampton ,37131,75%
Treutlen ,13283,74%
Hudspeth ,48229,74%
Candler ,13043,74%
Marshall ,1095,74%
Wagoner ,40145,74%
Henry ,1067,74%
Cameron ,22023,74%
Oconee ,13219,74%
Gosper ,31073,74%
York ,23031,74%
Catoosa ,13047,74%
Crockett ,47033,74%
Caroline ,24011,74%
Bienville ,22013,74%
Prairie ,5117,74%
Caswell ,37033,74%
Broomfield ,8014,74%
Craig ,40035,74%
Cumberland ,17035,74%
Henderson ,17071,74%
Wilkinson ,13319,74%
Benton ,5007,74%
Oliver ,38065,74%
Holmes ,12059,74%
Alexander ,17003,74%
Hayes ,31085,74%
Cherokee ,1019,74%
Wyandotte ,20209,74%
Warren ,13301,74%
New Kent ,51127,74%
Jones ,13169,74%
Brooks ,13027,74%
Madison ,1089,74%
Clay ,1027,74%
Pottawatomie ,20149,74%
Camp ,48063,73%
Monroe ,1099,73%
Osage ,20139,73%
Tyrrell ,37177,73%
Monroe ,1099,73%
Delta ,8029,73%
Covington ,1039,73%
Clark ,5019,73%
Campbell ,21037,73%
Jefferson ,1073,73%
Long ,13183,73%
Scott ,5127,73%
Maries ,29125,73%
Scott ,5127,73%
Marion ,1093,73%
Potter ,42105,73%
Daviess ,18027,73%
Irion ,48235,73%
Dewey ,40043,73%
Ohio ,18115,73%
Jackson ,1071,73%
Oglethorpe ,13221,73%
Roanoke ,51161,73%
,#N/A,74%
Edgefield ,45037,73%
Montgomery ,1101,73%
Surry ,37171,73%
Ballard ,21007,73%
Dinwiddie ,51053,73%
Saluda ,45081,73%
De Soto ,22031,73%
Van Buren ,5141,73%
Kemper ,28069,73%
Harris ,13145,73%
Miller ,5091,73%
Calumet ,55015,73%
Hickman ,21105,73%
Greene ,1063,73%
Billings ,38007,73%
Morris ,20127,73%
Lake ,6033,73%
Gallatin ,17059,73%
Polk ,5113,73%
Martin ,12085,73%
Franklin ,1059,73%
Carlisle ,21039,73%
Lee ,1081,73%
Carroll ,5015,73%
Morgan ,1103,73%
Live Oak ,48297,73%
Okfuskee ,40107,73%
Hart ,13147,73%
Heard ,13149,73%
Dade ,13083,73%
Richmond ,13245,74%
,#N/A,73%
Brunswick ,37019,73%
St. Clair ,1115,72%
Crawford ,5033,72%
Franklin ,1059,72%
Adair ,19001,72%
Glascock ,13125,72%
Smith ,20183,72%
Grundy ,17063,72%
Jasper ,13159,72%
Hitchcock ,31087,72%
Nicollet ,27103,72%
Upshur ,48459,72%
Grant ,5053,72%
Bath ,21011,72%
Jones ,13169,72%
Tunica ,28143,72%
Quitman ,13239,72%
Roberts ,46109,72%
Union ,5139,72%
Lynchburg ,51680,72%
Fairfield ,9001,72%
Dixon ,31051,72%
Knox ,17095,72%
Hanson ,46061,72%
LaGrange ,18087,72%
Pope ,5115,72%
Newton ,5101,72%
Lafayette ,5073,72%
Rains ,48379,72%
Minidoka ,16067,72%
Choctaw ,1023,72%
Concho ,48095,72%
Jefferson ,1073,72%
Dallas ,1047,72%
Coal ,40029,72%
Madison ,1089,72%
Wheeler ,13309,72%
Goliad ,48175,72%
Lanier ,13173,72%
Lynn ,48305,72%
Rappahannock ,51157,72%
Garza ,48169,72%
Golden Valley ,30037,72%
Clayton ,13063,72%
Garrard ,21079,72%
Morton ,20129,72%
Newton ,5101,72%
Greenup ,21089,72%
McLean ,17113,72%
Lewis ,16061,72%
Danville ,51590,72%
Caldwell ,21033,72%
Vermillion ,18165,71%
Logan ,5083,71%
Fisher ,48151,71%
Meriwether ,13199,71%
Cleveland ,5025,71%
Johnson ,5071,71%
Platte ,29165,71%
Spencer ,18147,71%
Mississippi ,5093,71%
Falls ,48145,71%
Hancock ,13141,71%
Dallas ,1047,71%
Jackson ,1071,71%
Allendale ,45005,71%
Portsmouth ,51740,71%
Holt ,29087,71%
St. Martin ,22099,71%
Fulton ,5049,71%
Cedar ,19031,71%
Schley ,13249,71%
Hale ,1065,71%
Sioux ,19167,71%
King William ,51101,71%
Autauga ,1001,71%
Meade ,20119,71%
Torrance ,35057,71%
Calhoun ,1015,71%
Morgan ,1103,71%
Kiowa ,8061,71%
Lincoln ,5079,71%
Poquoson ,51735,71%
Richland ,17159,71%
Jefferson ,1073,71%
Noble ,18113,71%
Tipton ,18159,71%
Owyhee ,16073,71%
Juab ,49023,71%
Deuel ,31049,71%
Brooke ,54009,71%
Larue ,21123,71%
East Feliciana ,22037,71%
Posey ,18129,71%
Carroll ,5015,71%
Johnson ,5071,71%
Union ,5139,71%
Lincoln ,5079,71%
Cumberland ,17035,71%
Itawamba ,28057,71%
Quay ,35037,71%
Putnam ,12107,71%
La Paz ,4012,71%
Rockdale ,13247,71%
Pleasants ,54073,71%
Caldwell ,21033,71%
Blanco ,48031,71%
Jasper ,13159,71%
Iberville ,22047,71%
St. James ,22093,71%
Southampton ,51175,71%
Cannon ,47015,71%
Turner ,13287,71%
Telfair ,13271,71%
Chicot ,5017,71%
Washington ,1129,71%
McCook ,46087,71%
Liberty ,12077,71%
Todd ,21219,71%
Frontier ,31063,70%
Yalobusha ,28161,70%
Cass ,17017,70%
Creek ,40037,70%
Edwards ,17047,70%
Thurston ,31173,70%
Grundy ,17063,70%
Pemiscot ,29155,70%
Simpson ,21213,70%
Logan ,5083,70%
Jefferson ,1073,70%
Prince George ,51149,70%
Clarke ,1025,70%
San Juan ,8111,70%
Evans ,13109,70%
St. Francis ,5123,70%
Iowa ,19095,70%
Nowata ,40105,70%
Spencer ,18147,70%
Trego ,20195,70%
McDonald ,29119,70%
Hamlin ,46057,70%
Pawnee ,20145,70%
Kent ,10001,70%
Payette ,16075,70%
Florence ,45041,70%
Lincoln ,5079,70%
Marion ,1093,70%
Tyler ,48457,70%
Jefferson ,1073,70%
Lincoln ,5079,70%
Massac ,17127,70%
Hardeman ,47069,70%
Alpine ,6003,70%
Whitley ,18183,70%
Moody ,46101,70%
Botetourt ,51023,70%
Pulaski ,5119,70%
Merrick ,31121,70%
Grimes ,48185,70%
Carroll ,5015,70%
Slope ,38087,70%
Amite ,28005,70%
Benson ,38005,70%
Anson ,37007,70%
Polk ,5113,70%
Barrow ,13013,70%
San Augustine ,48405,70%
Lincoln ,5079,70%
Cook ,13075,70%
Franklin ,1059,70%
Pike ,1109,70%
Colfax ,31037,70%
Christian ,17021,70%
Washington ,1129,70%
Fayette ,1057,70%
Kearney ,31099,70%
Doddridge ,54017,70%
Warren ,13301,70%
Pittsylvania ,51143,70%
Pierce ,13229,70%
Denver ,8031,70%
Madison ,1089,70%
Union ,5139,70%
Webster ,13307,70%
Tishomingo ,28141,70%
Loudon ,47105,69%
Le Sueur ,27079,69%
Parke ,18121,69%
Montgomery ,1101,69%
Scott ,5127,69%
Union ,5139,69%
Grayson ,21085,69%
Wilcox ,1131,69%
Dade ,13083,69%
Stokes ,37169,69%
Augusta ,51015,69%
Jefferson Davis ,22053,69%
Cheatham ,47021,69%
McHenry ,17111,69%
Reagan ,48383,69%
Butler ,1013,69%
Wythe ,51197,69%
Hot Spring ,5059,69%
Blaine ,16013,69%
Mason ,17125,69%
Rogers ,40131,69%
Swain ,37173,69%
Pierce ,13229,69%
Forrest ,28035,69%
Catahoula ,22025,69%
Somervell ,48425,69%
Washington ,1129,69%
San Jacinto ,48407,69%
Walker ,1127,69%
Osage ,20139,69%
Johnston ,37101,69%
Alleghany ,37005,69%
Hancock ,13141,69%
Saunders ,31155,69%
Grant ,5053,69%
Seminole ,12117,69%
Jefferson ,1073,69%
Yadkin ,37197,69%
Gates ,37073,69%
Red River ,22081,69%
Nelson ,21179,69%
Morgan ,1103,69%
Lawrence ,1079,69%
Buffalo ,31019,69%
Mills ,19129,69%
Cooper ,29053,69%
Washington ,1129,69%
Iron ,26071,69%
Ripley ,18137,69%
Louisa ,19115,69%
Crook ,41013,69%
Lamar ,1075,69%
Ray ,29177,69%
Rockcastle ,21203,69%
Kingman ,20095,69%
Haywood ,37087,69%
Overton ,47133,69%
Clayton ,13063,69%
Perquimans ,37143,69%
Lafayette ,5073,69%
Bertie ,37015,69%
Robertson ,21201,69%
Kiowa ,8061,69%
Moultrie ,17139,69%
Greeley ,20071,69%
Bullitt ,21029,69%
Washita ,40149,69%
McIntosh ,13191,69%
Tate ,28137,69%
Thomas ,13275,69%
Jones ,13169,68%
Harrison ,18061,68%
Gilchrist ,12041,68%
Floyd ,13115,68%
Chester ,42029,68%
Power ,16077,68%
Bracken ,21023,68%
Clarke ,1025,68%
Sanborn ,46111,68%
Washington ,1129,68%
Abbeville ,45001,68%
Ellsworth ,20053,68%
Crisp ,13081,68%
La Salle ,17099,68%
Howard ,5061,68%
Elmore ,1051,68%
Macon ,1087,68%
Powell ,21197,68%
Edmonson ,21061,68%
Asotin ,53003,68%
Hancock ,13141,68%
Putnam ,12107,68%
Bryan ,13029,68%
Randolph ,1111,68%
Chester ,42029,68%
Pierce ,13229,68%
Warrick ,18173,68%
Cassia ,16031,68%
Williamsburg ,45089,68%
Pershing ,32027,68%
Kimble ,48267,68%
Malheur ,41045,68%
Tallahatchie ,28135,68%
Benton ,5007,68%
Dallas ,1047,68%
Bibb ,1007,68%
Newton ,5101,68%
West Feliciana ,22125,68%
Woodford ,17203,68%
Bond ,17005,68%
Little River ,5081,68%
Worth ,13321,68%
Monroe ,1099,68%
Pawnee ,20145,68%
Perry ,1105,68%
Lipscomb ,48295,68%
Cass ,17017,68%
Glades ,12043,68%
Hall ,13139,68%
Sully ,46119,68%
Lawrence ,1079,68%
Nance ,31125,68%
Sutton ,48435,68%
Taylor ,12123,68%
Sumter ,1119,68%
Lewis ,16061,68%
Van Buren ,5141,68%
McDuffie ,13189,68%
Rush ,18139,68%
Dale ,1045,68%
Pike ,1109,68%
Jenkins ,13165,68%
Broadwater ,30007,68%
Chambers ,1017,68%
Murray ,13213,68%
Giles ,47055,68%
Haskell ,20081,68%
Gadsden ,12039,68%
Greene ,1063,68%
Scott ,5127,68%
Lawrence ,1079,68%
Marshall ,1095,68%
Clay ,1027,68%
Wolfe ,21237,68%
Brown ,17009,68%
Morrow ,39117,68%
Callaway ,29027,68%
Hamilton ,12047,68%
Oldham ,21185,68%
Lafayette ,5073,68%
Essex ,25009,68%
Sagadahoc ,23023,68%
Franklin ,1059,68%
Grant ,5053,68%
Greene ,1063,68%
Stone ,5137,68%
Chariton ,29041,68%
Banner ,31007,68%
Geneva ,1061,68%
Holmes ,12059,67%
Pepin ,55091,67%
Kidder ,38043,67%
Gove ,20063,67%
Rockwall ,48397,67%
Sibley ,27143,67%
Fayette ,1057,67%
Meigs ,39105,67%
Assumption ,22007,67%
Green ,21087,67%
St. Charles ,22089,67%
Barton ,20009,67%
Yellow Medicine ,27173,67%
Pulaski ,5119,67%
Carter ,21043,67%
Crenshaw ,1041,67%
Grady ,13131,67%
Dearborn ,18029,67%
Claiborne ,22027,67%
Pickett ,47137,67%
Seminole ,12117,67%
Cochran ,48079,67%
Wright ,19197,67%
Roger Mills ,40129,67%
Charlotte ,12015,67%
Gooding ,16047,67%
Brown ,17009,67%
Fountain ,18045,67%
Cocke ,47029,67%
Lumpkin ,13187,67%
Alexandria ,51510,67%
Pontotoc ,28115,67%
Hancock ,13141,67%
Union ,5139,67%
Anderson ,20003,67%
Ottawa ,20143,67%
Washington ,1129,67%
Fulton ,5049,67%
Atchison ,20005,67%
Frederick ,24021,67%
Wayne ,13305,67%
Clay ,1027,67%
Bamberg ,45009,67%
Shelby ,1117,67%
Berrien ,13019,67%
McNairy ,47109,67%
Jasper ,13159,67%
East Carroll ,22035,67%
Mineral ,8079,67%
Vinton ,39163,67%
Mercer ,17131,67%
Parmer ,48369,67%
Jersey ,17083,67%
Bledsoe ,47007,67%
Jack ,48237,67%
Pickaway ,39129,67%
Amelia ,51007,67%
Poinsett ,5111,67%
Marion ,1093,67%
Major ,40093,67%
Mille Lacs ,27095,67%
Essex ,25009,67%
Walton ,12131,67%
Carroll ,5015,67%
Franklin ,1059,67%
Rush ,18139,67%
Columbia ,5027,67%
Lincoln ,5079,67%
Keokuk ,19107,67%
Webster ,13307,67%
Webster ,13307,67%
Bleckley ,13023,67%
Charlton ,13049,67%
Boone ,5009,67%
Moniteau ,29135,67%
Roberts ,46109,67%
Bosque ,48035,67%
Monroe ,1099,67%
Warren ,13301,67%
Hoke ,37093,67%
Douglas ,8035,67%
Murray ,13213,67%
Davie ,37059,67%
Schuyler ,17169,67%
Upton ,48461,67%
Greer ,40055,67%
Beaver ,40007,67%
Bollinger ,29017,67%
Guadalupe ,35019,67%
Canadian ,40017,67%
Brantley ,13025,67%
Allen ,18003,66%
Ste. Genevieve ,29186,66%
Garfield ,8045,66%
Clay ,1027,66%
Kenton ,21117,66%
Blount ,1009,66%
Jefferson ,1073,66%
Lunenburg ,51111,66%
Robertson ,21201,66%
Cedar ,19031,66%
Butler ,1013,66%
Robertson ,21201,66%
Montgomery ,1101,66%
Trigg ,21221,66%
Geauga ,39055,66%
Edgecombe ,37065,66%
Harrison ,18061,66%
Alexander ,17003,66%
Sullivan ,18153,66%
Boyd ,21019,66%
Caroline ,24011,66%
Dodge ,13091,66%
Brule ,46015,66%
Harrison ,18061,66%
Ohio ,18115,66%
Menard ,17129,66%
Perry ,1105,66%
Juneau ,2110,66%
Simpson ,21213,66%
Lawrence ,1079,66%
Powhatan ,51145,66%
Marlboro ,45069,66%
Wilkinson ,13319,66%
Woodford ,17203,66%
Sherburne ,27141,66%
McIntosh ,13191,66%
Lyon ,19119,66%
Alfalfa ,40003,66%
Sierra ,6091,66%
Benton ,5007,66%
Decatur ,13087,66%
Colorado ,48089,66%
Grundy ,17063,66%
Morrow ,39117,66%
Greene ,1063,66%
Suffolk ,25025,66%
Spalding ,13255,66%
Dillon ,45033,66%
Owen ,18119,66%
Hill ,30041,66%
Holmes ,12059,66%
Clark ,5019,66%
Brown ,17009,66%
Jessamine ,21113,66%
Gibson ,18051,66%
St. Clair ,1115,66%
Douglas ,8035,66%
Metcalfe ,21169,66%
Thomas ,13275,66%
Hart ,13147,66%
Miami ,18103,66%
Caldwell ,21033,66%
Boyle ,21021,66%
Emery ,49015,66%
Clay ,1027,66%
Shelby ,1117,66%
Stonewall ,48433,66%
Louisa ,19115,66%
Ellis ,20051,66%
Sweet Grass ,30097,66%
Acadia ,22001,66%
Lincoln ,5079,66%
Boone ,5009,66%
Liberty ,12077,66%
Duval ,12031,66%
Leon ,12073,66%
Tama ,19171,66%
Osceola ,12097,66%
Edmunds ,46045,66%
DeWitt ,48123,66%
Crowley ,8025,66%
Buckingham ,51029,66%
Warren ,13301,66%
Hamilton ,12047,66%
Stone ,5137,66%
Bedford ,42009,66%
Colbert ,1033,66%
Woodson ,20207,66%
Snyder ,42109,66%
Grant ,5053,66%
Isle of Wight ,51093,66%
Red River ,22081,66%
Howard ,5061,66%
St. John the Baptist ,22095,66%
Carroll ,5015,66%
Wyandot ,39175,66%
Hamilton ,12047,66%
Jackson ,1071,66%
Arenac ,26011,65%
Warren ,13301,65%
Amherst ,51009,65%
Switzerland ,18155,65%
Grant ,5053,65%
Clark ,5019,65%
Marshall ,1095,65%
Duplin ,37061,65%
Franklin ,1059,65%
Lincoln ,5079,65%
Mahnomen ,27087,65%
Butte ,6007,65%
Unicoi ,47171,65%
Noble ,18113,65%
Houston ,1069,65%
Early ,13099,65%
Rusk ,48401,65%
Stark ,17175,65%
McCormick ,45065,65%
Crosby ,48107,65%
Atoka ,40005,65%
Burleson ,48051,65%
Calhoun ,1015,65%
Monroe ,1099,65%
Clark ,5019,65%
Kingfisher ,40073,65%
Prince Edward ,51147,65%
Rockingham ,33015,65%
Yell ,5149,65%
Osceola ,12097,65%
Wadena ,27159,65%
Llano ,48299,65%
Hanover ,51085,65%
Smith ,20183,65%
Austin ,48015,65%
Jackson ,1071,65%
Madison ,1089,65%
Butte ,6007,65%
Craig ,40035,65%
Washington ,1129,65%
Fremont ,8043,65%
Hancock ,13141,65%
Harnett ,37085,65%
Adams ,8001,65%
Brooks ,13027,65%
Tattnall ,13267,65%
Randall ,48381,65%
Nicholas ,21181,65%
Terry ,48445,65%
Clay ,1027,65%
Taylor ,12123,65%
Jackson ,1071,65%
Kendall ,17093,65%
Chisago ,27025,65%
Hardin ,17069,65%
Franklin ,1059,65%
Prentiss ,28117,65%
Walthall ,28147,65%
Sedgwick ,8115,65%
Steele ,27147,65%
Appomattox ,51011,65%
Crawford ,5033,65%
Limestone ,1083,65%
Hardin ,17069,65%
Conway ,5029,65%
Preble ,39135,65%
Hickman ,21105,65%
Ida ,19093,65%
Sherman ,20181,65%
Houston ,1069,65%
Custer ,8027,65%
Donley ,48129,65%
James City ,51095,65%
Lewis ,16061,65%
Butler ,1013,65%
Bourbon ,20011,65%
Beaver ,40007,65%
Colusa ,6011,65%
Nottoway ,51135,65%
White ,5145,65%
Blackford ,18009,65%
Sarpy ,31153,65%
Ford ,17053,65%
Decatur ,13087,65%
Garvin ,40049,65%
Pendleton ,21191,65%
Granite ,30039,65%
Winston ,1133,65%
Adams ,8001,65%
Forest ,42053,65%
Clinton ,17027,65%
St. Landry ,22097,65%
Bremer ,19017,65%
Newton ,5101,65%
Coke ,48081,65%
Marquette ,26103,65%
Campbell ,21037,65%
Davis ,19051,65%
Orange ,6059,65%
Adams ,8001,65%
Linn ,19113,65%
Camas ,16025,65%
Sumner ,20191,65%
Briscoe ,48045,65%
Cass ,17017,65%
Boone ,5009,65%
Perry ,1105,65%
Winnebago ,17201,65%
Clark ,5019,65%
Bradford ,12007,65%
Noxubee ,28103,65%
Missaukee ,26113,65%
Oregon ,29149,65%
Buchanan ,19019,65%
Clarke ,1025,65%
Calhoun ,1015,65%
Lawrence ,1079,65%
Gentry ,29075,65%
Prairie ,5117,65%
Caddo ,22017,65%
Wood ,39173,65%
Menominee ,26109,65%
Fayette ,1057,65%
Clark ,5019,64%
Jeff Davis ,13161,64%
Woodruff ,5147,64%
Lincoln ,5079,64%
Clay ,1027,64%
Knox ,17095,64%
Chippewa ,26033,64%
Morgan ,1103,64%
McPherson ,20113,64%
Crawford ,5033,64%
Johnson ,5071,64%
Sharp ,5135,64%
Marshall ,1095,64%
Lee ,1081,64%
Marshall ,1095,64%
Keya Paha ,31103,64%
Wayne ,13305,64%
Madison ,1089,64%
Pocahontas ,19151,64%
Pulaski ,5119,64%
Whitley ,18183,64%
Paulding ,13223,64%
Auglaize ,39011,64%
Miami ,18103,64%
Ziebach ,46137,64%
Henry ,1067,64%
White ,5145,64%
Oneida ,16071,64%
Marion ,1093,64%
Crittenden ,5035,64%
Calhoun ,1015,64%
Union ,5139,64%
Jasper ,13159,64%
Clinton ,17027,64%
Norfolk ,25021,64%
Lafayette ,5073,64%
Lamar ,1075,64%
Granville ,37077,64%
Allen ,18003,64%
De Witt ,17039,64%
Owen ,18119,64%
Green Lake ,55047,64%
Sac ,19161,64%
Towns ,13281,64%
Kaufman ,48257,64%
Kearny ,20093,64%
Fleming ,21069,64%
Menifee ,21165,64%
Clark ,5019,64%
Latimer ,40077,64%
Champaign ,17019,64%
Paulding ,13223,64%
Lee ,1081,64%
Clinton ,17027,64%
Shelby ,1117,64%
Copiah ,28029,64%
Chickasaw ,19037,64%
Haskell ,20081,64%
Arlington ,51013,64%
Bartow ,13015,64%
Allegan ,26005,64%
Mineral ,8079,64%
Fayette ,1057,64%
Osage ,20139,64%
Douglas ,8035,64%
Pickens ,1107,64%
Audubon ,19009,64%
Cibola ,35006,64%
Monroe ,1099,64%
Mason ,17125,64%
Dorchester ,24019,64%
Stewart ,13259,64%
Lawrence ,1079,64%
Taylor ,12123,64%
Hampton ,45049,64%
Bates ,29013,64%
Carroll ,5015,64%
Sequatchie ,47153,64%
Newport News ,51700,64%
Medina ,39103,64%
Freestone ,48161,64%
Shackelford ,48417,64%
Gasconade ,29073,64%
Gilpin ,8047,64%
Cherokee ,1019,64%
York ,23031,64%
Plaquemines ,22075,64%
Worth ,13321,64%
Pulaski ,5119,64%
Monroe ,1099,64%
Putnam ,12107,64%
Portage ,39133,64%
Searcy ,5129,64%
Starke ,18149,64%
Leake ,28079,64%
Chilton ,1021,64%
Noble ,18113,64%
Jeff Davis ,13161,64%
King George ,51099,64%
Ottawa ,20143,64%
Franklin ,1059,64%
Orange ,6059,64%
Madison ,1089,64%
Burt ,31021,64%
Anderson ,20003,64%
Tioga ,36107,64%
Scott ,5127,64%
Jones ,13169,63%
Mitchell ,13205,63%
Stafford ,20185,63%
Willacy ,48489,63%
Emmet ,19063,63%
Warren ,13301,63%
DeKalb ,1049,63%
Blaine ,16013,63%
Benton ,5007,63%
Piatt ,17147,63%
Panola ,28107,63%
Wirt ,54105,63%
Knox ,17095,63%
Crane ,48103,63%
Pike ,1109,63%
Grant ,5053,63%
Van Zandt ,48467,63%
Scotland ,29199,63%
Sunflower ,28133,63%
Bristol ,25005,63%
Harlan ,21095,63%
Sharkey ,28125,63%
Todd ,21219,63%
Kendall ,17093,63%
Albemarle ,51003,63%
Mellette ,46095,63%
Powell ,21197,63%
Richland ,17159,63%
Clay ,1027,63%
Menard ,17129,63%
Gilliam ,41021,63%
Barbour ,1005,63%
Jo Daviess ,17085,63%
Union ,5139,63%
Webster ,13307,63%
Karnes ,48255,63%
Mingo ,54059,63%
Monroe ,1099,63%
Fulton ,5049,63%
Dickens ,48125,63%
Rich ,49033,63%
Crittenden ,5035,63%
Franklin ,1059,63%
Johnson ,5071,63%
Avery ,37011,63%
Clarendon ,45027,63%
San Patricio ,48409,63%
Wayne ,13305,63%
Isanti ,27059,63%
Monona ,19133,63%
Lampasas ,48281,63%
Hocking ,39073,63%
Martin ,12085,63%
Montgomery ,1101,63%
Menominee ,26109,63%
Hampton ,45049,63%
Meade ,20119,63%
Miner ,46097,63%
Tift ,13277,63%
Concordia ,22029,63%
Gibson ,18051,63%
Guthrie ,19077,63%
Chickasaw ,19037,63%
Hamilton ,12047,63%
DeKalb ,1049,63%
Gordon ,13129,63%
Lonoke ,5085,63%
Logan ,5083,63%
Cass ,17017,63%
Howard ,5061,63%
Marshall ,1095,63%
Newberry ,45071,63%
Gallia ,39053,63%
Decatur ,13087,63%
Marion ,1093,63%
Hinds ,28049,63%
Ritchie ,54085,63%
Polk ,5113,63%
Schuyler ,17169,63%
Cass ,17017,63%
Fillmore ,27045,63%
Harrison ,18061,63%
Trempealeau ,55121,63%
Claiborne ,22027,63%
Randolph ,1111,63%
Wabasha ,27157,63%
Cherokee ,1019,63%
Yuba ,6115,63%
Union ,5139,63%
Golden Valley ,30037,63%
Bell ,21013,63%
Winkler ,48495,63%
Salem ,34033,63%
Westmoreland ,42129,63%
Laurens ,13175,63%
Sandusky ,39143,63%
Adair ,19001,63%
Comal ,48091,63%
Howard ,5061,63%
Wayne ,13305,63%
Riley ,20161,63%
Somerset ,23025,63%
Hawkins ,47073,63%
Boone ,5009,63%
Fayette ,1057,63%
Kiowa ,8061,63%
Hertford ,37091,62%
Orange ,6059,62%
Summers ,54089,62%
Jefferson Davis ,22053,62%
Jennings ,18079,62%
Habersham ,13137,62%
Rock ,27133,62%
Wise ,48497,62%
Carter ,21043,62%
Lavaca ,48285,62%
Chatham ,13051,62%
Brown ,17009,62%
Ward ,38101,62%
Bailey ,48017,62%
Madison ,1089,62%
Mills ,19129,62%
Hutchinson ,46067,62%
Greene ,1063,62%
Greene ,1063,62%
Wasatch ,49051,62%
Jefferson ,1073,62%
Clark ,5019,62%
Kewaunee ,55061,62%
Mora ,35033,62%
Powder River ,30075,62%
Roane ,47145,62%
Washington ,1129,62%
Henry ,1067,62%
Sargent ,38081,62%
Haskell ,20081,62%
Caldwell ,21033,62%
Clinton ,17027,62%
Jackson ,1071,62%
White ,5145,62%
Carson City ,32510,62%
McMinn ,47107,62%
Trinity ,6105,62%
Shelby ,1117,62%
Furnas ,31065,62%
Adams ,8001,62%
Harrison ,18061,62%
Mercer ,17131,62%
Anderson ,20003,62%
Johnson ,5071,62%
Meeker ,27093,62%
Hancock ,13141,62%
Jackson ,1071,62%
Lawrence ,1079,62%
Fulton ,5049,62%
Madison ,1089,62%
Cooke ,48097,62%
Hickory ,29085,62%
Calhoun ,1015,62%
Giles ,47055,62%
Hamblen ,47063,62%
Patrick ,51141,62%
Jackson ,1071,62%
Russell ,1113,62%
Fluvanna ,51065,62%
Waushara ,55137,62%
Effingham ,13103,62%
Crockett ,47033,62%
Hempstead ,5057,62%
Crawford ,5033,62%
Dougherty ,13095,62%
Seneca ,36099,62%
Fillmore ,27045,62%
Pickens ,1107,62%
Morrill ,31123,62%
Newton ,5101,62%
Eaton ,26045,62%
Delaware ,18035,62%
Talladega ,1121,62%
Carter ,21043,62%
Floyd ,13115,62%
Hooker ,31091,62%
Beauregard ,22011,62%
Mercer ,17131,62%
Clay ,1027,62%
Jackson ,1071,62%
Renville ,27129,62%
Wyoming ,36121,62%
Butler ,1013,62%
Jewell ,20089,62%
Lewis ,16061,62%
Hodgeman ,20083,62%
Mackinac ,26097,62%
Morgan ,1103,62%
Otoe ,31131,62%
Scott ,5127,62%
Jay ,18075,62%
Fannin ,13111,62%
O'Brien ,19141,62%
Humphreys ,28053,62%
Barry ,26015,62%
Marion ,1093,62%
Stillwater ,30095,62%
Jefferson ,1073,62%
Jasper ,13159,62%
Bacon ,13005,62%
Fauquier ,51061,62%
Nolan ,48353,62%
Mason ,17125,61%
Washington ,1129,61%
DeKalb ,1049,61%
Adams ,8001,61%
Foster ,38031,61%
Ogle ,17141,61%
Hendricks ,18063,61%
Perry ,1105,61%
Dolores ,8033,61%
Zavala ,48507,61%
Lauderdale ,1077,61%
Steuben ,18151,61%
Jackson ,1071,61%
Foard ,48155,61%
Lancaster ,31109,61%
Burke ,13033,61%
Queen Anne's ,24035,61%
Saguache ,8109,61%
Cumberland ,17035,61%
Chesterfield ,45025,61%
Chesapeake ,51550,61%
Obion ,47131,61%
Clinch ,13065,61%
Iron ,26071,61%
Grady ,13131,61%
Montgomery ,1101,61%
Knox ,17095,61%
Bradley ,5011,61%
Effingham ,13103,61%
Wyoming ,36121,61%
Sequoyah ,40135,61%
Van Buren ,5141,61%
Elbert ,8039,61%
Dodge ,13091,61%
Rowan ,21205,61%
Marion ,1093,61%
Floyd ,13115,61%
Shelby ,1117,61%
Panola ,28107,61%
Scott ,5127,61%
Richmond ,13245,61%
Fulton ,5049,61%
Dickinson ,19059,61%
Hughes ,40063,61%
Harding ,35021,61%
Leavenworth ,20103,61%
Wilson ,20205,61%
Adair ,19001,61%
Desha ,5041,61%
Wabash ,17185,61%
Reynolds ,29179,61%
Ware ,13299,61%
Bullock ,1011,61%
Seward ,20175,61%
Kalkaska ,26079,61%
Henry ,1067,61%
Traill ,38097,61%
Kingsbury ,46077,61%
Butler ,1013,61%
Weakley ,47183,61%
Dorchester ,24019,61%
Humboldt ,6023,61%
Bureau ,17011,61%
Elbert ,8039,61%
Columbia ,5027,61%
Bon Homme ,46009,61%
Carver ,27019,61%
Pender ,37141,61%
Greene ,1063,61%
Goodhue ,27049,61%
Wise ,48497,61%
Pushmataha ,40127,61%
Nemaha ,20131,61%
Perry ,1105,61%
Swisher ,48437,61%
Box Elder ,49003,61%
Ramsey ,27123,61%
Kanabec ,27065,61%
Red Lake ,27125,61%
Morgan ,1103,61%
Coffee ,1031,61%
Bossier ,22015,61%
Russell ,1113,61%
Ouray ,8091,61%
Livingston ,17105,61%
Madison ,1089,61%
Pickens ,1107,61%
Big Stone ,27011,61%
Kent ,10001,61%
Grant ,5053,61%
Jefferson ,1073,61%
Henderson ,17071,61%
Iroquois ,17075,61%
Wetzel ,54103,61%
Cecil ,24015,61%
Martin ,12085,61%
Allamakee ,19005,61%
Knott ,21119,61%
Reeves ,48389,61%
Franklin ,1059,61%
Putnam ,12107,61%
District of Columbia ,11001,61%
Lee ,1081,60%
Sumter ,1119,60%
Crawford ,5033,60%
Real ,48385,60%
Mitchell ,13205,60%
Runnels ,48399,60%
Chattooga ,13055,60%
Throckmorton ,48447,60%
Dunn ,38025,60%
Laurel ,21125,60%
Levy ,12075,60%
Saline ,5125,60%
Webster ,13307,60%
Clinton ,17027,60%
Bedford ,42009,60%
Henry ,1067,60%
Juniata ,42067,60%
Watonwan ,27165,60%
Skamania ,53059,60%
Lincoln ,5079,60%
Iowa ,19095,60%
Jasper ,13159,60%
Jerauld ,46073,60%
Choctaw ,1023,60%
Washington ,1129,60%
Lenoir ,37107,60%
Berkeley ,45015,60%
Waseca ,27161,60%
Hall ,13139,60%
Big Horn ,30003,60%
Hockley ,48219,60%
Huron ,26063,60%
Scotland ,29199,60%
Nelson ,21179,60%
Macoupin ,17117,60%
Tippah ,28139,60%
Wayne ,13305,60%
Gonzales ,48177,60%
Vance ,37181,60%
Fayette ,1057,60%
Washington ,1129,60%
Pipestone ,27117,60%
Pointe Coupee ,22077,60%
Corson ,46031,60%
Mayes ,40097,60%
Harvey ,20079,60%
Humphreys ,28053,60%
Baker ,12003,60%
Antelope ,31003,60%
Pope ,5115,60%
Clearwater ,16035,60%
Boise ,16015,60%
Screven ,13251,60%
Franklin ,1059,60%
Macon ,1087,60%
Palo Pinto ,48363,60%
Crawford ,5033,60%
Greene ,1063,60%
Castro ,48069,60%
Lander ,32015,60%
White ,5145,60%
Dodge ,13091,60%
Evangeline ,22039,60%
Schleicher ,48413,60%
Escambia ,1053,60%
Spotsylvania ,51177,60%
Putnam ,12107,60%
Palo Alto ,19147,60%
Lac qui Parle ,27073,60%
Madison ,1089,60%
San Juan ,8111,60%
Tolland ,9013,60%
Greene ,1063,60%
Clark ,5019,60%
Claiborne ,22027,60%
Davidson ,37057,60%
Orange ,6059,60%
Piute ,49031,60%
Pike ,1109,60%
Parker ,48367,60%
Sioux ,19167,60%
Henry ,1067,60%
Glenn ,6021,60%
Lamb ,48279,60%
Washington ,1129,60%
McLean ,17113,60%
Lincoln ,5079,60%
Mathews ,51115,60%
Cuming ,31039,60%
Lake ,6033,60%
Toombs ,13279,60%
Gregg ,48183,60%
Eddy ,35015,60%
Wright ,19197,60%
St. Bernard ,22087,60%
Shawano ,55115,60%
Shenandoah ,51171,60%
Traverse ,27155,60%
Ascension ,22005,60%
Arapahoe ,8005,60%
Lucas ,19117,60%
Niobrara ,56027,60%
Barnwell ,45011,60%
Rock ,27133,60%
Kit Carson ,8063,60%
Washburn ,55129,60%
Northumberland ,42097,60%
Ashland ,39005,60%
Coryell ,48099,60%
Fannin ,13111,60%
Elliott ,21063,60%
Vermilion ,17183,60%
Darlington ,45031,60%
Benzie ,26019,60%
Mineral ,8079,60%
Rice ,20159,60%
Casey ,21045,60%
Oconto ,55083,60%
Sampson ,37163,60%
Cherokee ,1019,60%
Burnet ,48053,60%
Washington ,1129,60%
Pottawattamie ,19155,60%
Vernon ,22115,60%
Wheeler ,13309,60%
Middlesex ,9007,60%
Delaware ,18035,60%
Hardeman ,47069,60%
Montgomery ,1101,60%
Cleveland ,5025,60%
Marshall ,1095,60%
Greenwood ,20073,60%
Douglas ,8035,60%
Defiance ,39039,59%
Pierce ,13229,59%
Dixie ,12029,59%
Jefferson ,1073,59%
Murray ,13213,59%
Leelanau ,26089,59%
Cedar ,19031,59%
Tallapoosa ,1123,59%
Bent ,8011,59%
Hyde ,37095,59%
Floyd ,13115,59%
Carroll ,5015,59%
George ,28039,59%
Cabarrus ,37025,59%
Lincoln ,5079,59%
Lincoln ,5079,59%
Meade ,20119,59%
Montcalm ,26117,59%
Marion ,1093,59%
Barbour ,1005,59%
Texas ,29215,59%
Hardin ,17069,59%
Henrico ,51087,59%
Bladen ,37017,59%
Wilson ,20205,59%
Van Wert ,39161,59%
Breckinridge ,21027,59%
Mitchell ,13205,59%
Poweshiek ,19157,59%
Hunt ,48231,59%
Yoakum ,48501,59%
Yolo ,6113,59%
Okmulgee ,40111,59%
Warren ,13301,59%
Fayette ,1057,59%
Summit ,8117,59%
Clermont ,39025,59%
Braxton ,54007,59%
Whitfield ,13313,59%
Wells ,18179,59%
Warren ,13301,59%
Huntington ,18069,59%
Cottonwood ,27033,59%
Kinney ,48271,59%
Sullivan ,18153,59%
Stephens ,13257,59%
Decatur ,13087,59%
Comanche ,20033,59%
Childress ,48075,59%
Yates ,36123,59%
Tipton ,18159,59%
Van Buren ,5141,59%
Douglas ,8035,59%
Fairfield ,9001,59%
Bandera ,48019,59%
Atascosa ,48013,59%
Ohio ,18115,59%
Wichita ,20203,59%
Wood ,39173,59%
Harper ,20077,59%
Franklin ,1059,55%
,#N/A,79%
Henry ,1067,59%
Armstrong ,42005,59%
Hopkins ,21107,59%
Polk ,5113,59%
Perry ,1105,59%
Mecklenburg ,37119,59%
Dickson ,47043,59%
Washington ,1129,59%
Ionia ,26067,59%
Waupaca ,55135,59%
Plymouth ,19149,59%
Carbon ,30009,59%
Smith ,20183,59%
Kent ,10001,59%
Marion ,1093,59%
Fayette ,1057,59%
Izard ,5065,59%
Mahaska ,19123,59%
Milam ,48331,59%
Coffey ,20031,59%
Hardee ,12049,59%
Carroll ,5015,59%
Douglas ,8035,59%
Cabell ,54011,59%
Clay ,1027,59%
Pine ,27115,59%
Nobles ,27105,59%
Henderson ,17071,59%
Coffee ,1031,58%
Madison ,1089,58%
Marion ,1093,58%
Gray ,20069,58%
Ozark ,29153,58%
Morgan ,1103,58%
Fall River ,46047,58%
Campbell ,21037,58%
Richland ,17159,58%
St. Croix ,55109,58%
Edwards ,17047,58%
Wilkes ,13317,58%
Boyd ,21019,58%
Keweenaw ,26083,58%
Polk ,5113,58%
Tucker ,54093,58%
Shelby ,1117,58%
Maury ,47119,58%
Sullivan ,18153,58%
Titus ,48449,58%
Henry ,1067,58%
Republic ,20157,58%
Christian ,17021,58%
Medina ,39103,58%
Barry ,26015,58%
Hettinger ,38041,58%
Halifax ,37083,58%
Dunn ,38025,58%
Tuscola ,26157,58%
Shelby ,1117,58%
Nemaha ,20131,58%
Faribault ,27043,58%
Gratiot ,26057,58%
Shannon ,29203,58%
Passaic ,34031,58%
Orleans ,22071,58%
Monroe ,1099,58%
Highland ,39071,58%
Morehouse ,22067,58%
Park ,8093,58%
Clay ,1027,58%
Thayer ,31169,58%
Limestone ,1083,58%
Carbon ,30009,58%
Graves ,21083,58%
Davidson ,37057,58%
Saline ,5125,58%
Owsley ,21189,58%
Georgetown ,45043,58%
Antrim ,26009,58%
Williams ,38105,58%
Orangeburg ,45075,58%
Daviess ,18027,58%
Susquehanna ,42115,58%
Chautauqua ,20019,58%
Randolph ,1111,58%
Sabine ,22085,58%
Nash ,37127,58%
Bingham ,16011,58%
Audrain ,29007,58%
Montgomery ,1101,58%
Lee ,1081,58%
Grand ,8049,58%
Clay ,1027,58%
Randolph ,1111,58%
Clay ,1027,58%
Pottawatomie ,20149,58%
Delaware ,18035,58%
Ben Hill ,13017,58%
Tillman ,40141,58%
Frio ,48163,58%
Putnam ,12107,58%
Jefferson ,1073,58%
Floyd ,13115,58%
Orange ,6059,58%
Polk ,5113,58%
Grayson ,21085,58%
McCracken ,21145,58%
Chippewa ,26033,58%
Jasper ,13159,58%
Lane ,20101,58%
Madison ,1089,58%
Arthur ,31005,58%
Walker ,1127,58%
Rankin ,28121,58%
Montague ,48337,58%
Perry ,1105,58%
Chowan ,37041,58%
Alamosa ,8003,58%
Swift ,27151,58%
Cross ,5037,58%
Alcorn ,28003,58%
Washington ,1129,58%
Nuckolls ,31129,58%
Preston ,54077,58%
Muskogee ,40101,58%
Mitchell ,13205,58%
Campbell ,21037,58%
Carbon ,30009,58%
Dunklin ,29069,58%
Clinton ,17027,58%
Norman ,27107,58%
Outagamie ,55087,58%
Columbiana ,39029,58%
Garfield ,8045,58%
Winn ,22127,58%
Edgar ,17045,58%
Jackson ,1071,57%
Monroe ,1099,57%
Catawba ,37035,57%
Sullivan ,18153,57%
Geary ,20061,57%
Emanuel ,13107,57%
Miami ,18103,57%
Durham ,37063,57%
Osborne ,20141,57%
Appling ,13001,57%
Boone ,5009,57%
Belmont ,39013,57%
Scott ,5127,57%
Tyler ,48457,57%
Walworth ,46129,57%
Seneca ,36099,57%
Kane ,17089,57%
Kershaw ,45055,57%
Garfield ,8045,57%
Yancey ,37199,57%
Monroe ,1099,57%
Middlesex ,9007,57%
Grant ,5053,57%
Oceana ,26127,57%
Bath ,21011,57%
Neosho ,20133,57%
Cimarron ,40025,57%
Pecos ,48371,57%
Perry ,1105,57%
Lancaster ,31109,57%
Washington ,1129,57%
Pike ,1109,57%
Cleburne ,1029,57%
Hardin ,17069,57%
Bedford ,42009,57%
Baylor ,48023,57%
Hays ,48209,57%
Motley ,48345,57%
Morrison ,27097,57%
Bowie ,48037,57%
Hendry ,12051,57%
Lawrence ,1079,57%
Bibb ,1007,57%
Grant ,5053,57%
McCreary ,21147,57%
Pike ,1109,57%
Harmon ,40057,57%
Wilson ,20205,57%
Page ,19145,57%
Valley ,16085,57%
Williamson ,17199,57%
Jackson ,1071,57%
Wilcox ,1131,57%
Sherman ,20181,57%
Teton ,16081,57%
Stanly ,37167,57%
DeSoto ,12027,57%
Bryan ,13029,57%
Columbus ,37047,57%
Eastland ,48133,57%
Jackson ,1071,57%
Johnston ,37101,57%
Franklin ,1059,57%
Smyth ,51173,57%
Wabash ,17185,57%
Williamson ,17199,57%
Pend Oreille ,53051,57%
Sutter ,6101,57%
Mason ,17125,57%
Lee ,1081,57%
Estill ,21065,57%
Dawson ,13085,57%
Grundy ,17063,57%
Jefferson ,1073,57%
Washington ,1129,57%
Livingston ,17105,57%
Jackson ,1071,57%
Millard ,49027,57%
Washington ,1129,57%
Macon ,1087,57%
Clarion ,42031,57%
Clare ,26035,57%
Marshall ,1095,57%
Clinton ,17027,57%
Alleghany ,37005,57%
Day ,46037,57%
Iberia ,22045,57%
Suwannee ,12121,57%
Adams ,8001,57%
Phelps ,29161,57%
Tazewell ,17179,57%
Jackson ,1071,56%
San Saba ,48411,56%
Forsyth ,13117,56%
Keith ,31101,56%
Ringgold ,19159,56%
Union ,5139,56%
Pamlico ,37137,56%
Sevier ,5133,56%
Sheridan ,20179,56%
Hillsdale ,26059,56%
Jackson ,1071,56%
Talbot ,13263,56%
Guernsey ,39059,56%
Linn ,19113,56%
Green ,21087,56%
Adams ,8001,56%
Aransas ,48007,56%
Windsor ,50027,56%
Rowan ,21205,56%
Adams ,8001,56%
Custer ,8027,56%
Randolph ,1111,56%
Rabun ,13241,56%
Stoddard ,29207,56%
Barren ,21009,56%
Ripley ,18137,56%
Burke ,13033,56%
McDowell ,37111,56%
Daggett ,49009,56%
Gilmer ,13123,56%
Grenada ,28043,56%
Wexford ,26165,56%
Surry ,37171,56%
Lewis ,16061,56%
Montgomery ,1101,56%
Columbia ,5027,56%
Putnam ,12107,56%
McPherson ,20113,56%
Lincoln ,5079,56%
Haakon ,46055,56%
Sauk ,55111,56%
Boone ,5009,56%
Lyon ,19119,56%
Lee ,1081,56%
Washington ,1129,56%
Wayne ,13305,56%
Franklin ,1059,56%
New York ,36061,56%
Saline ,5125,56%
Graham ,4009,56%
Coleman ,48083,56%
Lincoln ,5079,56%
Harrison ,18061,56%
Somerset ,23025,56%
Pasquotank ,37139,56%
Northampton ,37131,56%
Mercer ,17131,56%
Wayne ,13305,56%
Ellis ,20051,56%
Dodge ,13091,56%
Harding ,35021,56%
Gilmer ,13123,56%
Ashland ,39005,56%
Butler ,1013,56%
Cheyenne ,8017,56%
Bear Lake ,16007,56%
Randolph ,1111,56%
Randolph ,1111,56%
Atchison ,20005,56%
Colleton ,45029,56%
Drew ,5043,56%
Hancock ,13141,56%
Blue Earth ,27013,56%
Lawrence ,1079,56%
Madison ,1089,56%
Caddo ,22017,56%
Kimball ,31105,56%
Benton ,5007,56%
Beckham ,40009,56%
Wilbarger ,48487,56%
Cleveland ,5025,56%
Hardin ,17069,56%
Rhea ,47143,56%
Culpeper ,51047,56%
Dickey ,38021,56%
Cherokee ,1019,56%
Ozaukee ,55089,56%
Redwood ,27127,56%
Cobb ,13067,56%
Cheyenne ,8017,56%
Camden ,13039,56%
Huerfano ,8055,56%
Mountrail ,38061,56%
Upson ,13293,56%
Cheboygan ,26031,55%
Henderson ,17071,55%
Andrews ,48003,55%
Pike ,1109,55%
Gem ,16045,55%
Russell ,1113,55%
Kenosha ,55059,55%
Wayne ,13305,55%
Walton ,12131,55%
Anoka ,27003,55%
Stafford ,20185,55%
Rock Island ,17161,55%
Cherokee ,1019,55%
Northumberland ,42097,55%
Crawford ,5033,55%
Logan ,5083,55%
DeSoto ,12027,55%
Richardson ,31147,55%
DeKalb ,1049,55%
Nelson ,21179,55%
Shelby ,1117,55%
Montmorency ,26119,55%
LaSalle ,#N/A,55%
Ogemaw ,26129,55%
Wakulla ,12129,55%
Wright ,19197,55%
Wharton ,48481,55%
Bastrop ,48021,55%
Calhoun ,1015,55%
Costilla ,8023,55%
Allen ,18003,55%
Cottle ,48101,55%
Sandoval ,35043,55%
Hampshire ,25015,55%
Judith Basin ,30045,55%
Carlton ,27017,55%
Lapeer ,26087,55%
Wayne ,13305,55%
Wayne ,13305,55%
Ouachita ,5103,55%
Caldwell ,21033,55%
Morris ,20127,55%
Taylor ,12123,55%
Darke ,39037,55%
Coweta ,13077,55%
Genesee ,26049,55%
Union ,5139,55%
Ransom ,38073,55%
Wilson ,20205,55%
LaMoure ,38045,55%
Edwards ,17047,55%
Jefferson ,1073,55%
McPherson ,20113,55%
Cass ,17017,55%
Deer Lodge ,30023,55%
Lee ,1081,55%
Mecosta ,26107,55%
Herkimer ,36043,55%
Porter ,18127,55%
Yazoo ,28163,55%
Harper ,20077,55%
Clay ,1027,55%
Gloucester ,34015,55%
Marengo ,1091,55%
Jefferson ,1073,55%
Orleans ,22071,55%
Ontario ,36069,55%
Somerset ,23025,55%
Columbia ,5027,55%
Uinta ,56041,55%
Tangipahoa ,22105,55%
Nez Perce ,16069,55%
Rice ,20159,55%
Currituck ,37053,55%
Perkins ,31135,55%
Page ,19145,55%
Hood River ,41027,55%
Colfax ,31037,55%
Cherokee ,1019,55%
Freeborn ,27047,55%
Logan ,5083,55%
Adams ,8001,55%
Neshoba ,28099,55%
Pike ,1109,55%
Greeley ,20071,55%
Robeson ,37155,55%
Mercer ,17131,55%
Newaygo ,26123,55%
Emmons ,38029,55%
Kleberg ,48273,55%
Suffolk ,25025,55%
McIntosh ,13191,55%
Jefferson ,1073,55%
Muscatine ,19139,55%
Otsego ,26137,55%
Franklin ,1059,54%
Wayne ,13305,54%
Livingston ,17105,54%
Elk ,20049,54%
Licking ,39089,54%
Lee ,1081,54%
Marion ,1093,54%
Tensas ,22107,54%
Dimmit ,48127,54%
Dawson ,13085,54%
Baldwin ,1003,54%
Jefferson ,1073,54%
Lincoln ,5079,54%
Bowman ,38011,54%
Magoffin ,21153,54%
Fayette ,1057,54%
Norfolk ,25021,54%
Sumner ,20191,54%
Union ,5139,54%
Weld ,8123,54%
Belknap ,33001,54%
Troup ,13285,54%
Putnam ,12107,54%
Rockingham ,33015,54%
Blount ,1009,54%
West Carroll ,22123,54%
Vernon ,22115,54%
Lawrence ,1079,54%
Jefferson ,1073,54%
Marion ,1093,54%
Wallace ,20199,54%
Hardy ,54031,54%
Marshall ,1095,54%
Johnson ,5071,54%
Gaston ,37071,54%
Rockingham ,33015,54%
Monroe ,1099,54%
Newport ,44005,54%
Osceola ,12097,54%
Luce ,26095,54%
Branch ,26023,54%
Johnson ,5071,54%
St. Louis ,27137,49%
,#N/A,71%
Leslie ,21131,54%
Clay ,1027,54%
Morgan ,1103,54%
Conejos ,8021,54%
Wahkiakum ,53069,54%
Douglas ,8035,54%
Shiawassee ,26155,54%
Pitkin ,8097,54%
Charles Mix ,46023,54%
Logan ,5083,54%
Columbia ,5027,54%
Jackson ,1071,54%
Logan ,5083,54%
Wicomico ,24045,54%
Gillespie ,48171,54%
Gogebic ,26053,54%
Union ,5139,54%
Wayne ,13305,54%
Rooks ,20163,54%
Cloud ,20029,54%
Lake ,6033,54%
Dewey ,40043,54%
Rensselaer ,36083,54%
Cass ,17017,54%
Douglas ,8035,54%
Carroll ,5015,54%
Merrimack ,33013,54%
Washington ,1129,54%
Washington ,1129,54%
Rio Grande ,8105,54%
Gladwin ,26051,54%
Sabine ,22085,54%
Johnson ,5071,54%
Hampshire ,25015,54%
Ottawa ,20143,54%
Klickitat ,53039,54%
Delaware ,18035,53%
Kane ,17089,53%
Kossuth ,19109,53%
Converse ,56009,53%
Lafourche ,22057,53%
Gaines ,48165,53%
Isabella ,26073,53%
Henderson ,17071,53%
Santa Rosa ,12113,53%
Morgan ,1103,53%
Jim Wells ,48249,53%
Marion ,1093,53%
Union ,5139,53%
Bayfield ,55007,53%
Sullivan ,18153,53%
Davison ,46035,53%
McLeod ,27085,53%
Taney ,29213,53%
Buchanan ,19019,53%
Winneshiek ,19191,53%
Pearl River ,28109,53%
Aitkin ,27001,53%
Decatur ,13087,53%
Cass ,17017,53%
Tazewell ,17179,53%
Union ,5139,53%
Washington ,1129,53%
Christian ,17021,53%
Lake ,6033,53%
Rusk ,48401,53%
Franklin ,1059,53%
Clay ,1027,53%
Pinal ,4021,53%
Faulk ,46049,53%
Huntingdon ,42061,53%
Livingston ,17105,53%
Person ,37145,53%
Fulton ,5049,53%
Franklin ,1059,53%
Madison ,1089,53%
Baltimore ,24005,49%
,#N/A,62%
Buena Vista ,19021,53%
Sumter ,1119,53%
Teller ,8119,53%
Denton ,48121,53%
Stevens ,20189,53%
Appanoose ,19007,53%
Johnson ,5071,53%
Pettis ,29159,53%
Henry ,1067,53%
DuPage ,17043,53%
Sanilac ,26151,53%
Polk ,5113,53%
Polk ,5113,53%
Wells ,18179,53%
Greene ,1063,53%
Galveston ,48167,53%
Racine ,55101,53%
Richland ,17159,53%
Leflore ,28083,53%
Lewis ,16061,53%
Stearns ,27145,53%
Park ,8093,53%
Calloway ,21035,53%
Watauga ,37189,53%
Stephens ,13257,53%
Hunterdon ,34019,53%
Grafton ,33009,53%
Le Flore ,40079,53%
Jefferson ,1073,53%
Marion ,1093,53%
Laclede ,29105,53%
Deaf Smith ,48117,52%
Richland ,17159,52%
Seminole ,12117,52%
Winnebago ,17201,52%
Liberty ,12077,52%
Butler ,1013,52%
Warren ,13301,52%
Navarro ,48349,52%
Fort Bend ,48157,52%
Martin ,12085,52%
Vanderburgh ,18163,52%
Carter ,21043,52%
Wasco ,41065,52%
Sevier ,5133,52%
Whiteside ,17195,52%
Fulton ,5049,52%
Clay ,1027,52%
Will ,17197,52%
Forest ,42053,52%
Stevens ,20189,52%
Oscoda ,26135,52%
Attala ,28007,52%
Charlevoix ,26029,52%
Upshur ,48459,52%
Madison ,1089,52%
Pratt ,20151,52%
Clark ,5019,52%
Comanche ,20033,52%
Howard ,5061,52%
Marshall ,1095,52%
St. Joseph ,18141,52%
Weber ,49057,52%
Prince George's ,24033,52%
Griggs ,38039,52%
Washington ,1129,52%
Breathitt ,21025,52%
Mercer ,17131,52%
Somerset ,23025,52%
Houston ,1069,52%
Cole ,29051,52%
Gloucester ,34015,52%
Berkeley ,45015,52%
Waldo ,23027,52%
Hamilton ,12047,52%
Mineral ,8079,52%
Marinette ,55075,52%
Choctaw ,1023,52%
Schoolcraft ,26153,52%
Dakota ,27037,52%
Livingston ,17105,52%
Lauderdale ,1077,52%
De Baca ,35011,52%
Windham ,9015,52%
DeKalb ,1049,52%
Windham ,9015,52%
Sheridan ,20179,52%
Bourbon ,20011,52%
Essex ,25009,52%
Stanton ,20187,52%
Barnes ,38003,52%
Montgomery ,1101,52%
Pawnee ,20145,52%
Dickenson ,51051,52%
Fond du Lac ,55039,52%
Jim Hogg ,48247,52%
Fentress ,47049,52%
Phillips ,5107,52%
Bradley ,5011,52%
LaSalle ,#N/A,52%
Allegany ,24001,52%
Washington ,1129,52%
Hale ,1065,52%
Wheatland ,30107,52%
Spink ,46115,52%
Cattaraugus ,36009,52%
Mississippi ,5093,52%
Rio Arriba ,35039,52%
Cumberland ,17035,52%
Oktibbeha ,28105,52%
Grayson ,21085,52%
Hancock ,13141,52%
Coshocton ,39031,51%
Camden ,13039,51%
Lexington ,45063,51%
Ottawa ,20143,51%
Grant ,5053,51%
Potter ,42105,51%
Phelps ,29161,51%
Davis ,19051,51%
Steele ,27147,51%
Strafford ,33017,51%
Dundy ,31057,51%
Bay ,12005,51%
Anderson ,20003,51%
Hubbard ,27057,51%
Richmond ,13245,51%
Knox ,17095,51%
Cameron ,22023,51%
Gwinnett ,13135,51%
Lincoln ,5079,51%
Madera ,6039,51%
Venango ,42121,51%
Schoharie ,36095,51%
Chesterfield ,45025,51%
Norton ,20137,51%
Hinsdale ,8053,51%
Labette ,20099,51%
Worcester ,24047,51%
Clackamas ,41005,51%
Garden ,31069,51%
Hand ,46059,51%
Alamance ,37001,51%
Graham ,4009,51%
Eau Claire ,55035,51%
San Benito ,6069,51%
Calhoun ,1015,51%
McKenzie ,38053,51%
Mitchell ,13205,51%
Houston ,1069,51%
St. Johns ,12109,51%
Lake ,6033,51%
Webster ,13307,51%
Allegany ,24001,51%
Wood ,39173,51%
Winston ,1133,51%
Ingham ,26065,51%
Petroleum ,30069,51%
Cerro Gordo ,19033,51%
Etowah ,1055,51%
Northampton ,37131,51%
Litchfield ,9005,51%
Woodbury ,19193,51%
Barber ,20007,51%
Phillips ,5107,51%
Seward ,20175,51%
Minnehaha ,46099,51%
Bartholomew ,18005,51%
Chase ,20017,51%
Sheridan ,20179,51%
Tehama ,6103,51%
LaPorte ,18091,51%
Hemphill ,48211,51%
Vilas ,55125,51%
Alcona ,26001,51%
Jackson ,1071,51%
Cullman ,1043,51%
Morgan ,1103,51%
Oconee ,13219,51%
Mahoning ,39099,51%
Schenectady ,36093,51%
Natchitoches ,22069,51%
Teton ,16081,51%
Walker ,1127,51%
Terrell ,13273,51%
Johnson ,5071,51%
Lincoln ,5079,51%
McDowell ,37111,51%
Hood ,48221,51%
Winona ,27169,51%
Hamilton ,12047,51%
Collingsworth ,48087,51%
Jefferson ,1073,51%
Montgomery ,1101,50%
Oxford ,23017,50%
Hyde ,37095,50%
Alger ,26003,50%
Clarke ,1025,50%
Saline ,5125,50%
Carroll ,5015,50%
Beaver ,40007,50%
Jones ,13169,50%
Becker ,27005,50%
White ,5145,50%
Beaufort ,37013,50%
McCone ,30055,50%
Athens ,39009,50%
Waukesha ,55133,50%
Ness ,20135,50%
Cayuga ,36011,50%
Charles ,24017,50%
Lebanon ,42075,50%
Midland ,26111,50%
Story ,19169,50%
Calhoun ,1015,50%
Lee ,1081,50%
Cherokee ,1019,50%
Iredell ,37097,50%
Calaveras ,6009,50%
Aiken ,45003,50%
Burnett ,55013,50%
Jefferson ,1073,50%
Madison ,1089,50%
Emmet ,19063,50%
Mecklenburg ,37119,50%
Las Animas ,8071,50%
Dent ,29065,50%
Sebastian ,5131,50%
Wapello ,19179,50%
Lawrence ,1079,50%
Summit ,8117,50%
McKinley ,35031,50%
Hamilton ,12047,50%
Yankton ,46135,50%
Adams ,8001,50%
Presque Isle ,26141,50%
Hamilton ,12047,50%
Dyer ,47045,50%
Carter ,21043,50%
Marshall ,1095,50%
Gage ,31067,50%
Napa ,6055,50%
Perry ,1105,50%
Wayne ,13305,50%
Thomas ,13275,50%
Cortland ,36023,50%
Transylvania ,37175,50%
Forsyth ,13117,50%
Wyoming ,36121,50%
Brazoria ,48039,50%
Manistee ,26101,50%
Garrett ,24023,50%
McHenry ,17111,50%
St. Francois ,29187,50%
Teton ,16081,50%
Brown ,17009,50%
Canyon ,16027,49%
Chouteau ,30015,49%
Wayne ,13305,49%
Elkhart ,18039,49%
Mower ,27099,49%
Clearfield ,42033,49%
Sioux ,19167,49%
Adair ,19001,49%
Boulder ,8013,49%
Dallas ,1047,49%
Erath ,48143,49%
Caribou ,16029,49%
Piscataquis ,23021,49%
St. Clair ,1115,49%
Morton ,20129,49%
Crawford ,5033,49%
Dauphin ,42043,49%
Platte ,29165,49%
El Dorado ,6017,49%
Columbia ,5027,49%
Marshall ,1095,49%
Nicholas ,21181,49%
Lafayette ,5073,49%
Coahoma ,28027,49%
Scurry ,48415,49%
Knox ,17095,49%
Franklin ,1059,49%
Otsego ,26137,49%
Scott ,5127,49%
Muscogee ,13215,49%
Montgomery ,1101,49%
Washtenaw ,26161,49%
Ross ,39141,49%
Hudson ,34017,49%
Montgomery ,1101,49%
Haywood ,37087,49%
Howard ,5061,49%
Liberty ,12077,49%
Warren ,13301,49%
Kosciusko ,18085,49%
Monongalia ,54061,49%
York ,23031,49%
Benton ,5007,49%
Nassau ,12089,49%
Fayette ,1057,49%
Montgomery ,1101,49%
Colquitt ,13071,49%
Butler ,1013,49%
Scott ,5127,49%
Muhlenberg ,21177,49%
Montgomery ,1101,49%
Crook ,41013,49%
Rutherford ,37161,49%
Todd ,21219,49%
Harrison ,18061,49%
Jackson ,1071,49%
Dubois ,18037,49%
Coles ,17029,49%
Inyo ,6027,49%
Allen ,18003,49%
Crawford ,5033,49%
Des Moines ,19057,49%
Johnson ,5071,49%
Benewah ,16009,49%
Laurens ,13175,49%
Albany ,36001,49%
Ramsey ,27123,49%
Dickinson ,19059,49%
Wood ,39173,49%
Middlesex ,9007,49%
Walworth ,46129,49%
Multnomah ,41051,49%
Sussex ,10005,49%
Erie ,36029,49%
Trumbull ,39155,49%
Hughes ,40063,49%
Stephenson ,17177,49%
Amador ,6005,49%
Lafayette ,5073,48%
Androscoggin ,23001,48%
Fayette ,1057,48%
Marion ,1093,48%
Prince William ,51153,48%
Florence ,45041,48%
Roane ,47145,48%
Douglas ,8035,48%
Red Willow ,31145,48%
Camden ,13039,48%
Bulloch ,13031,48%
Gulf ,12045,48%
Tuscarawas ,39157,48%
Moore ,37125,48%
Columbia ,5027,48%
Greene ,1063,48%
Oneida ,16071,48%
Hopkins ,21107,48%
Ashtabula ,39007,48%
Pittsburg ,40121,48%
Roscommon ,26143,48%
McCulloch ,48307,48%
Big Horn ,30003,48%
Caledonia ,50005,48%
Ontonagon ,26131,48%
Hansford ,48195,48%
Faulkner ,5045,48%
Cape Girardeau ,29031,48%
Langlade ,55067,48%
Roosevelt ,30085,48%
Franklin ,1059,48%
Hot Springs ,56017,48%
Covington ,1039,48%
Tooele ,49045,48%
Grant ,5053,48%
Greene ,1063,48%
East Baton Rouge ,22033,48%
Avoyelles ,22009,48%
Gregory ,46053,48%
Bradford ,12007,48%
Buchanan ,19019,48%
Washington ,1129,48%
Pendleton ,21191,48%
Martin ,12085,48%
Woods ,40151,48%
Pondera ,30073,48%
Mariposa ,6043,48%
Weston ,56045,48%
Nodaway ,29147,48%
Peoria ,17143,48%
Greene ,1063,48%
Taylor ,12123,48%
Jackson ,1071,48%
Placer ,6061,47%
Floyd ,13115,47%
Stone ,5137,47%
Madison ,1089,47%
Grant ,5053,47%
Westmoreland ,42129,47%
Lehigh ,42077,47%
Hardin ,17069,47%
Letcher ,21133,47%
Delaware ,18035,47%
Humboldt ,6023,47%
Boone ,5009,47%
Indiana ,42063,47%
Lake ,6033,47%
Rawlins ,20153,47%
Providence ,44007,47%
Collin ,48085,47%
Albany ,36001,47%
Essex ,25009,47%
Pope ,5115,47%
Summit ,8117,47%
Chelan ,53007,47%
Sevier ,5133,47%
Guilford ,37081,47%
Carroll ,5015,47%
Columbia ,5027,47%
Richland ,17159,47%
Lorain ,39093,47%
Berrien ,13019,47%
Duchesne ,49013,47%
Wilkes ,13317,47%
Pasco ,12101,47%
San Miguel ,8113,47%
Hennepin ,27053,47%
Linn ,19113,47%
Pulaski ,5119,47%
Williamson ,17199,47%
Bennett ,46007,47%
Bristol ,25005,47%
Halifax ,37083,47%
Anderson ,20003,47%
York ,23031,47%
Montgomery ,1101,47%
Hall ,13139,47%
Addison ,50001,47%
Roosevelt ,30085,47%
Sweetwater ,56037,47%
Mercer ,17131,47%
Portage ,39133,47%
Lowndes ,1085,47%
Apache ,4001,47%
Douglas ,8035,47%
Saginaw ,26145,47%
Nacogdoches ,48347,47%
Saratoga ,36091,47%
Houston ,1069,47%
Matagorda ,48321,47%
Delaware ,18035,47%
Steuben ,18151,47%
Vernon ,22115,47%
Lyon ,19119,47%
Baraga ,26013,47%
Charlotte ,12015,47%
Spartanburg ,45083,47%
St. Charles ,22089,47%
Morris ,20127,47%
Douglas ,8035,46%
Burlington ,34005,46%
Catron ,35003,46%
Franklin ,1059,46%
Webster ,13307,46%
Gray ,20069,46%
Saline ,5125,46%
Accomack ,51001,46%
Oklahoma ,40109,46%
Fairfax ,51059,45%
,#N/A,81%
Ashe ,37009,46%
Oglala Lakota ,#N/A,46%
Pontotoc ,28115,46%
Bolivar ,28011,46%
Wayne ,13305,46%
Warren ,13301,46%
Calvert ,24009,46%
Custer ,8027,46%
St. Mary ,22101,46%
Oswego ,36075,46%
Putnam ,12107,46%
Otter Tail ,27111,46%
Chaffee ,8015,46%
Kay ,40071,46%
Yamhill ,41071,46%
Dawson ,13085,46%
Buffalo ,31019,46%
Lake ,6033,46%
Nevada ,5099,46%
Meagher ,30059,46%
Jefferson ,1073,46%
Lyon ,19119,46%
Knox ,17095,46%
Chenango ,36017,46%
Bee ,48025,46%
St. Joseph ,18141,46%
Muskingum ,39119,46%
Greenwood ,20073,46%
Luna ,35029,46%
Lenawee ,26091,46%
Lauderdale ,1077,46%
Harrison ,18061,46%
Kittitas ,53037,46%
Rock ,27133,46%
McDonough ,17109,46%
Chester ,42029,46%
Monroe ,1099,46%
Coffee ,1031,46%
Grand Traverse ,26055,46%
Lowndes ,1085,46%
Mason ,17125,46%
Barron ,55005,46%
Morgan ,1103,46%
Rosebud ,30087,46%
Okeechobee ,12093,46%
Lake ,6033,46%
Baker ,12003,46%
Goshen ,56015,46%
San Miguel ,8113,45%
Carroll ,5015,45%
Young ,48503,45%
Crawford ,5033,45%
Custer ,8027,45%
Cumberland ,17035,45%
Wheeler ,13309,45%
Dickinson ,19059,45%
Ochiltree ,48357,45%
Platte ,29165,45%
Potter ,42105,45%
Scott ,5127,45%
Tioga ,36107,45%
Knox ,17095,45%
Craighead ,5031,45%
Walsh ,38099,45%
Cumberland ,17035,45%
Johnson ,5071,45%
Schuylkill ,42107,45%
Texas ,29215,45%
Dawes ,31045,45%
Hillsborough ,12057,45%
Bucks ,42017,45%
Elmore ,1051,45%
Perkins ,31135,45%
Iron ,26071,45%
Payne ,40119,45%
Beaverhead ,30001,45%
Brookings ,46011,45%
Socorro ,35053,45%
San Francisco ,6075,45%
Frederick ,24021,45%
Independence ,5063,45%
Howell ,29091,45%
Scioto ,39145,45%
Lewis ,16061,45%
Uvalde ,48463,45%
Calhoun ,1015,45%
Vigo ,18167,45%
Mono ,6051,45%
Highland ,39071,45%
Baca ,8009,45%
Shoshone ,16079,45%
Adams ,8001,45%
Howard ,5061,45%
Jefferson ,1073,45%
Prowers ,8099,45%
Tompkins ,36109,45%
Valencia ,35061,44%
Rio Blanco ,8103,44%
Plymouth ,19149,44%
Washington ,1129,44%
Raleigh ,54081,44%
Umatilla ,41059,44%
McKean ,42083,44%
Woodward ,40153,44%
Smith ,20183,44%
Taylor ,12123,44%
Rutherford ,37161,44%
Arkansas ,5001,44%
Hamilton ,12047,44%
Latah ,16057,44%
Pennington ,27113,44%
Warren ,13301,44%
Harford ,24025,44%
Lincoln ,5079,44%
Mifflin ,42087,44%
Monroe ,1099,44%
Mercer ,17131,44%
Carbon ,30009,44%
Pacific ,53049,44%
Sawyer ,55113,44%
Anne Arundel ,24003,44%
Brown ,17009,44%
Ellis ,20051,44%
Buncombe ,37021,44%
Chemung ,36015,44%
Garfield ,8045,44%
Rockland ,36087,44%
Hernando ,12053,44%
Merced ,6047,44%
Logan ,5083,44%
Virginia Beach ,51810,44%
Manitowoc ,55071,44%
St. Lucie ,12111,44%
Custer ,8027,44%
Macon ,1087,44%
Greenbrier ,54025,44%
Sanpete ,49039,43%
Bonneville ,16019,43%
Greenville ,45045,43%
Warren ,13301,43%
Garfield ,8045,43%
Washington ,1129,43%
Flagler ,12035,43%
Travis ,48453,43%
Stephens ,13257,43%
Stark ,17175,43%
Cheshire ,33005,43%
Cowley ,20035,43%
Tulsa ,40143,43%
Orange ,6059,43%
Ashley ,5003,43%
Crow Wing ,27035,43%
Harney ,41025,43%
Kennebec ,23011,43%
Price ,55099,43%
Ulster ,36111,43%
Chatham ,13051,43%
Iosco ,26069,43%
Midland ,26111,43%
Phillips ,5107,43%
Charleston ,45019,43%
Ector ,48135,43%
Cambria ,42021,43%
Whitman ,53075,43%
Sussex ,10005,43%
Sarasota ,12115,43%
Middlesex ,9007,43%
Randolph ,1111,43%
Baxter ,5005,43%
Pike ,1109,43%
Philadelphia ,42101,43%
Idaho ,16049,43%
Cape May ,34009,43%
Kings ,6031,43%
Lamoille ,50015,43%
Moore ,37125,43%
Kandiyohi ,27067,43%
Pennington ,27113,43%
Lake ,6033,42%
Pulaski ,5119,42%
Richland ,17159,42%
Ford ,17053,42%
Cass ,17017,42%
Craven ,37049,42%
Pocahontas ,19151,42%
Sullivan ,18153,42%
Bennington ,50003,42%
Park ,8093,42%
San Mateo ,6081,42%
Bronx ,36005,42%
Dubuque ,19061,42%
Kanawha ,54039,42%
Coconino ,4005,42%
Oakland ,26125,42%
Kerr ,48265,42%
Manatee ,12081,42%
Kittson ,27069,42%
Terrebonne ,22109,42%
Escambia ,1053,42%
Macomb ,26099,42%
Kent ,10001,42%
Franklin ,1059,42%
Montgomery ,1101,42%
Gila ,4007,42%
Dallas ,1047,42%
Eagle ,8037,42%
Codington ,46029,42%
Monroe ,1099,42%
Bergen ,34003,42%
Queens ,36081,42%
Stutsman ,38093,42%
Cowlitz ,53015,42%
Cheyenne ,8017,42%
Burleigh ,38015,42%
Polk ,5113,41%
Essex ,25009,41%
Okaloosa ,12091,41%
Lamar ,1075,41%
Angelina ,48005,41%
Lake ,6033,41%
Solano ,6095,41%
Otero ,8089,41%
Garland ,5051,41%
Milwaukee ,55079,41%
Coos ,33007,41%
Divide ,38023,41%
Reno ,20155,41%
White Pine ,32033,41%
Black Hawk ,19013,41%
Silver Bow ,30093,41%
Brunswick ,37019,41%
Presidio ,48377,41%
York ,23031,41%
Barton ,20009,41%
Berks ,42011,41%
Lucas ,19117,41%
Walla Walla ,53071,41%
Custer ,8027,41%
Marion ,1093,41%
Santa Fe ,35049,41%
Musselshell ,30065,41%
Benton ,5007,41%
Mason ,17125,41%
Jackson ,1071,41%
Los Alamos ,35028,41%
Grand Forks ,38035,40%
Kalamazoo ,26077,40%
Bonner ,16017,40%
Cuyahoga ,39035,40%
Yuma ,4027,40%
Elk ,20049,40%
Delta ,8029,40%
Marin ,6041,40%
Orange ,6059,40%
Logan ,5083,40%
Franklin ,1059,40%
Victoria ,48469,40%
McCurtain ,40089,40%
Centre ,42027,40%
Muskegon ,26121,40%
Elko ,32007,40%
Tarrant ,48439,40%
Huron ,26063,40%
Clearwater ,16035,40%
La Crosse ,55063,40%
Marathon ,55073,40%
Vermilion ,17183,40%
Jefferson ,1073,40%
Atlantic ,34001,40%
Loudoun ,51107,40%
New London ,9011,40%
Hutchinson ,46067,40%
Montrose ,8085,40%
St. Tammany ,22103,40%
Rapides ,22079,39%
Beltrami ,27007,39%
Winnebago ,17201,39%
Monmouth ,34025,39%
New Castle ,10003,39%
Holt ,29087,39%
Carteret ,37031,39%
Pitt ,37147,39%
Finney ,20055,39%
Adams ,8001,39%
Cherry ,31031,39%
Kankakee ,17091,39%
Greenlee ,4011,39%
Kent ,10001,39%
Sumter ,1119,39%
Benton ,5007,39%
Fremont ,8043,39%
Brown ,17009,39%
Jackson ,1071,39%
Tripp ,46123,39%
San Joaquin ,6077,39%
Tippecanoe ,18157,39%
Genesee ,26049,39%
Washakie ,56043,39%
Pulaski ,5119,39%
Olmsted ,27109,39%
Cumberland ,17035,39%
San Bernardino ,6071,39%
Union ,5139,39%
Box Butte ,31013,39%
Lincoln ,5079,39%
New Haven ,9009,39%
Plumas ,6063,38%
Twin Falls ,16083,38%
Glynn ,13127,38%
Washington ,1129,38%
Washington ,1129,38%
Boone ,5009,38%
Daniels ,30019,38%
Iron ,26071,38%
Santa Cruz ,4023,38%
Alachua ,12001,38%
Stark ,17175,38%
Siskiyou ,6093,38%
Polk ,5113,38%
Renville ,27129,38%
Westchester ,36119,38%
Ouachita ,5103,38%
Blaine ,16013,38%
Knox ,17095,38%
Montezuma ,8083,38%
Blair ,42013,38%
Churchill ,32001,38%
Skagit ,53057,38%
Sierra ,6091,38%
Grand ,8049,38%
Duval ,12031,37%
Grand Isle ,50013,37%
Indian River ,12061,37%
Bannock ,16005,37%
Archuleta ,8007,37%
Jefferson ,1073,37%
Larimer ,8069,37%
Hartford ,9003,37%
Navajo ,4017,37%
Tillamook ,41057,37%
Dutchess ,36027,37%
St. Mary's ,24037,37%
Marion ,1093,37%
Zapata ,48505,37%
Tuolumne ,6109,37%
Lycoming ,42081,37%
Garfield ,8045,37%
Lake ,6033,37%
Citrus ,12017,37%
Valley ,16085,37%
Sheboygan ,55117,37%
Alameda ,6001,36%
Clatsop ,41007,36%
Cumberland ,17035,36%
Tuscaloosa ,1125,36%
Curry ,35009,36%
Hancock ,13141,36%
Thurston ,31173,36%
Lackawanna ,42069,36%
Santa Cruz ,4023,36%
Daviess ,18027,36%
Mohave ,4015,36%
Door ,55029,36%
Trinity ,6105,36%
New Hanover ,37129,36%
Madison ,1089,36%
Ocean ,34029,36%
Nassau ,12089,36%
Macon ,1087,36%
Union ,5139,36%
Calcasieu ,22019,36%
Island ,53029,35%
Taylor ,12123,35%
Sanders ,30089,35%
Modoc ,6049,35%
Sacramento ,6067,35%
Alpena ,26007,35%
Del Norte ,6015,35%
Bell ,21013,35%
Stanislaus ,6099,35%
Lassen ,6035,35%
Montgomery ,1101,35%
Baldwin ,1003,35%
Moffat ,8081,35%
Worcester ,24047,35%
Hillsborough ,12057,35%
Curry ,35009,35%
Lancaster ,31109,35%
Harris ,13145,35%
Hampden ,25013,35%
Brown ,17009,35%
Wake ,37183,35%
Fallon ,30025,35%
Linn ,19113,35%
Shawnee ,20177,35%
Lincoln ,5079,35%
Kootenai ,16055,35%
Luzerne ,42079,35%
Gunnison ,8051,34%
Wichita ,20203,34%
Harlan ,21095,34%
Lea ,35025,34%
Brazos ,48041,34%
McLean ,17113,34%
Dona Ana ,35013,34%
Rutland ,50021,34%
Polk ,5113,34%
McLennan ,48309,34%
Allen ,18003,34%
Champaign ,17019,34%
Oneida ,16071,34%
Allegheny ,42003,34%
Ravalli ,30081,34%
Towner ,38095,34%
Contra Costa ,6013,34%
Onslow ,37133,34%
Taos ,35055,33%
Fairfield ,9001,33%
Shelby ,1117,33%
Beadle ,46005,33%
Sublette ,56035,33%
Pierce ,13229,33%
Dare ,37055,33%
Chautauqua ,20019,33%
Uintah ,49047,33%
Riverside ,6065,33%
Sheridan ,20179,33%
Lincoln ,5079,33%
Josephine ,41033,33%
Kings ,6031,33%
Utah ,49049,33%
Starr ,48427,33%
Clark ,5019,32%
Brewster ,48043,32%
Laramie ,56021,32%
Grays Harbor ,53027,32%
Nye ,32023,32%
La Plata ,8067,32%
Eddy ,35015,32%
Gallatin ,17059,32%
Snohomish ,53061,32%
Comanche ,20033,32%
Leon ,12073,31%
Broome ,36007,31%
Cache ,49005,31%
Orleans ,22071,31%
Brown ,17009,31%
Boundary ,16021,31%
Broward ,12011,31%
Otero ,8089,31%
Fergus ,30027,31%
Nueces ,48355,31%
Dane ,55025,31%
Richmond ,13245,31%
Itasca ,27061,31%
Sangamon ,17167,31%
Penobscot ,23019,31%
Delta ,8029,31%
Bay ,12005,31%
Volusia ,12127,31%
Grant ,5053,30%
Phillips ,5107,30%
Missoula ,30063,30%
Salt Lake ,49035,30%
Ada ,16001,30%
Hill ,30041,30%
Ward ,38101,30%
Chittenden ,50007,30%
Highlands ,12055,30%
Horry ,45051,30%
Cook ,13075,30%
Burke ,13033,30%
Valley ,16085,30%
Lewis and Clark ,30049,30%
Onondaga ,36067,29%
Ventura ,6111,29%
Williams ,38105,29%
Collier ,12021,29%
Tulare ,6107,29%
Pinellas ,12103,29%
Campbell ,21037,29%
Mobile ,1097,29%
Santa Barbara ,6083,29%
Pueblo ,8101,29%
Sheridan ,20179,29%
Barnstable ,25001,28%
Lake ,6033,28%
Blaine ,16013,28%
Yavapai ,4025,28%
Monroe ,1099,28%
Scotts Bluff ,31157,28%
Bottineau ,38009,28%
Chaves ,35005,28%
Stevens ,20189,28%
Glacier ,30035,27%
Bernalillo ,35001,27%
Monterey ,6053,27%
Sedgwick ,8115,27%
Douglas ,8035,27%
Lancaster ,31109,27%
Graham ,4009,27%
Orange ,6059,27%
Roseau ,27135,27%
Beaufort ,37013,27%
King ,48269,26%
Washington ,1129,26%
Berkshire ,25003,26%
Mendocino ,6045,26%
Routt ,8107,26%
Houghton ,26061,26%
Butte ,6007,26%
Kitsap ,53035,25%
St. Louis ,27137,25%
San Luis Obispo ,6079,25%
Palm Beach ,12099,25%
Cavalier ,38019,25%
Grant ,5053,25%
Toole ,30101,25%
Klamath ,41035,25%
Bexar ,48029,25%
Washoe ,32031,24%
Natrona ,56025,24%
Fremont ,8043,24%
Lubbock ,48303,24%
Erie ,36029,24%
Santa Clara ,6085,24%
Cochise ,4003,24%
Jefferson ,1073,24%
Lake of the Woods ,27077,24%
Okanogan ,53047,24%
Lemhi ,16059,23%
Shasta ,6089,23%
Fresno ,6019,23%
Tom Green ,48451,23%
Pembina ,38067,23%
Ferry ,53019,23%
Wallowa ,41063,23%
Grant ,5053,23%
Chippewa ,26033,23%
Niagara ,36063,22%
Monroe ,1099,22%
Sonoma ,6097,22%
Lee ,1081,22%
Lincoln ,5079,22%
Franklin ,1059,22%
Imperial ,6025,22%
Yellowstone ,30111,22%
Koochiching ,27071,21%
Spokane ,53063,21%
St. Clair ,1115,21%
Franklin ,1059,21%
Dukes ,25007,21%
Cameron ,22023,21%
Suffolk ,25025,21%
Jackson ,1071,21%
Kern ,6029,21%
Miami-Dade ,12086,20%
Mesa ,8077,20%
Deschutes ,41017,20%
Coos ,33007,20%
Los Angeles ,6037,20%
Yakima ,53077,20%
San Juan ,8111,20%
Marquette ,26103,20%
Cascade ,30013,20%
Brevard ,12009,19%
Maverick ,48323,19%
Wayne ,13305,19%
Val Verde ,48465,19%
San Juan ,8111,19%
Rolette ,38079,18%
Lane ,20101,18%
El Paso ,8041,18%
Yuma ,4027,17%
Clallam ,53009,17%
Flathead ,30029,16%
Cook ,13075,16%
St. Lawrence ,36089,15%
Hidalgo ,35023,15%
Nantucket ,25019,14%
Clinton ,17027,14%
El Paso ,8041,13%
Washington ,1129,12%
Webb ,48479,12%
Humboldt ,6023,11%
Maricopa ,4013,11%
Erie ,36029,11%
Pima ,4019,10%
Clark ,5019,10%
San Diego ,6073,9%
Whatcom ,53073,9%
Aroostook ,23003,7%